reference,difficulty,tags
Genesis 50:20,2,providence
Exodus 14:14,2,courage
Exodus 20:8,2,law
Numbers 23:19,2,providence
Deuteronomy 31:6,2,courage
Deuteronomy 31:8,2,comfort
Joshua 24:15,2,obedience
1 Samuel 16:7,2,heart
2 Chronicles 7:14,2,prayer
Nehemiah 8:10,2,joy
Job 1:21,2,suffering
Job 19:25,2,hope
Psalms 1:1,2,wisdom
Psalms 19:1,2,creation
Psalms 19:14,2,words
Psalms 27:14,2,courage
Psalms 34:8,2,praise
Psalms 37:4,2,promise
Psalms 42:1,2,longing
Psalms 46:10,2,comfort
Psalms 55:22,2,comfort
Psalms 56:3,2,courage
Psalms 90:12,2,wisdom
Psalms 91:1,2,comfort
Psalms 100:4,2,praise
Psalms 103:12,2,forgiveness
Psalms 119:9,2,holiness
Psalms 127:1,2,family
Psalms 133:1,2,unity
Psalms 139:23,2,prayer
Proverbs 1:7,2,wisdom
Proverbs 4:23,2,heart
Proverbs 15:1,2,words
Proverbs 16:3,2,work
Proverbs 16:9,2,providence
Proverbs 16:18,2,humility
Proverbs 17:17,2,friendship
Proverbs 18:10,2,comfort
Proverbs 18:21,2,words
Proverbs 27:17,2,friendship
Proverbs 31:30,2,wisdom
Ecclesiastes 4:9,2,friendship
Ecclesiastes 12:13,2,wisdom
Isaiah 1:18,2,forgiveness
Isaiah 6:8,2,mission
Isaiah 26:3,2,peace
Isaiah 40:8,2,scripture
Isaiah 43:2,2,comfort
Isaiah 55:8,2,providence
Isaiah 55:11,2,scripture
Jeremiah 17:9,2,heart
Jeremiah 33:3,2,prayer
Lamentations 3:22,2,comfort
Lamentations 3:23,2,comfort
Ezekiel 36:26,2,heart
Hosea 6:6,2,obedience
Joel 2:25,2,restoration
Nahum 1:7,2,comfort
Habakkuk 3:19,2,courage
Zephaniah 3:17,2,promise
Malachi 3:10,2,giving
Matthew 5:14,2,discipleship
Matthew 6:9,2,prayer
Matthew 7:12,2,love
Matthew 16:24,2,discipleship
Matthew 18:20,2,church
Mark 10:45,2,gospel
Mark 12:30,2,love
Mark 16:15,2,mission
Luke 9:23,2,discipleship
Luke 12:34,2,money
Luke 19:10,2,gospel
John 1:12,2,salvation
John 8:12,2,gospel
John 8:32,2,truth
John 13:34,2,love
John 14:27,2,peace
John 15:13,2,love
John 16:33,2,comfort
Acts 2:38,2,salvation
Acts 4:12,2,salvation
Acts 16:31,2,salvation
Romans 1:16,2,gospel
Romans 5:1,2,grace
Romans 8:1,2,grace
Romans 8:38,2,promise
Romans 10:13,2,salvation
Romans 12:1,2,discipleship
Romans 12:12,2,hope
Romans 15:13,2,hope
1 Corinthians 10:13,2,temptation
1 Corinthians 15:58,2,work
2 Corinthians 5:17,2,gospel
2 Corinthians 9:7,2,giving
2 Corinthians 12:9,2,grace
Galatians 2:20,2,gospel
Galatians 6:9,2,perseverance
Ephesians 2:10,2,purpose
Ephesians 4:32,2,forgiveness
Ephesians 6:10,2,courage
Ephesians 6:11,2,armour
Philippians 1:6,2,promise
Philippians 2:3,2,humility
Philippians 4:19,2,promise
Colossians 3:2,2,discipleship
1 Thessalonians 5:18,2,thanksgiving
2 Timothy 1:7,2,courage
Titus 3:5,2,grace
Hebrews 4:12,2,scripture
Hebrews 4:16,2,prayer
Hebrews 12:1,2,perseverance
Hebrews 12:2,2,faith
Hebrews 13:5,2,promise
James 1:2,2,suffering
James 1:5,2,wisdom
James 4:7,2,holiness
James 5:16,2,prayer
1 Peter 2:9,2,identity
1 Peter 3:15,2,witness
1 Peter 5:8,2,holiness
2 Peter 3:9,2,patience
1 John 3:1,2,love
1 John 4:8,2,love
1 John 4:18,2,love
Revelation 21:4,2,hope
Revelation 22:13,2,gospel
